id,player_name,games,time,goals,xG,assists,xA,shots,key_passes,yellow_cards,red_cards,position,team_title,npg,npxG,xGChain,xGBuildup
647,Harry Kane,30,2556,29,19.820082779973745,7,5.553893640637398,110,41,3,0,F M S,Tottenham,24,15.253082547336817,21.947204602882266,4.126001315191388
594,Romelu Lukaku,37,3271,25,16.66546426527202,6,5.440814970061183,110,47,3,0,F S,Everton,24,15.904293252155185,21.25198128260672,3.9702027160674334
498,Alexis Sánchez,38,3233,24,17.724455885589123,10,8.988114705309272,129,78,6,0,F M S,Arsenal,22,15.440943889319897,27.14119878038764,9.086725620552897
619,Sergio Agüero,31,2408,20,22.672587677836418,3,4.665909027680755,139,31,4,1,F S,Manchester City,16,18.86673802882433,25.352086670696735,5.026675033383071
802,Diego Costa,35,3101,20,15.43179689347744,7,4.912057062610984,111,42,10,0,F,Chelsea,20,14.670627877116203,22.00321437418461,6.565549957565963
645,Dele Alli,37,3060,18,14.708574248477817,7,4.573811557143927,94,52,4,0,F M S,Tottenham,17,13.947405276820064,25.15398681163788,8.973650159314275
1741,Zlatan Ibrahimovic,28,2435,17,14.637965865433216,5,5.118233298882842,115,48,7,0,F S,Manchester United,15,12.354456894099712,20.056939974427223,6.219505451619625
465,Joshua King,36,2734,16,10.911748604848981,2,2.409231800585985,67,30,1,0,F M S,Bournemouth,14,8.62825040332973,12.561983089894056,3.4120459305122495
701,Eden Hazard,36,3050,16,11.03284815326333,5,6.4405673667788506,77,88,3,0,F M,Chelsea,14,8.749343048781157,20.609466394409537,9.10812764801085
606,Christian Benteke,36,3153,15,17.355868473649025,2,2.0585755221545696,105,32,10,0,F,Crystal Palace,13,14.311190653592348,13.202918304130435,4.11089089140296
735,Jermain Defoe,37,3324,15,13.647576574236155,2,1.3696143869310617,99,20,1,0,F,Sunderland,10,9.841728202998638,11.509979609400034,2.290653853677213
1728,Fernando Llorente,33,2462,15,8.028607591986656,1,2.090565759688616,51,26,2,0,F S,Swansea,15,8.028607591986656,8.600849602371454,2.9600224662572145
453,Son Heung-Min,34,2069,14,7.765331827104092,6,4.696415961720049,80,43,2,0,F M S,Tottenham,14,7.765331827104092,14.948597144335508,4.281623422168195
488,Philippe Coutinho,31,2265,13,8.867860339581966,7,6.25872659496963,106,65,2,0,F M S,Liverpool,13,8.867860339581966,18.205975122749805,8.191240821033716
755,Jamie Vardy,35,2822,13,9.94716601073742,5,4.675951764918864,53,31,2,1,F S,Leicester,13,9.94716601073742,14.123065508902073,2.7869280222803354
838,Sadio Mané,27,2257,13,9.480924274772406,5,4.445209952071309,57,43,4,0,F S,Liverpool,13,9.480924274772406,20.189119152724743,9.525849785655737
502,Olivier Giroud,29,1170,12,6.999083910137415,3,2.0118066053837538,39,17,2,0,F S,Arsenal,12,6.999083910137415,9.583846874535084,1.8246379978954792
482,Roberto Firmino,35,3077,11,10.364667488262057,7,7.852917684242129,100,78,5,0,F S,Liverpool,11,10.364667488262057,24.931322157382965,11.649156866595149
503,Theo Walcott,28,1944,10,9.901477228850126,2,2.5256067672744393,62,13,1,0,F M S,Arsenal,10,9.140307921916246,11.123216319829226,2.42395200766623
574,Troy Deeney,37,2940,10,8.593502411618829,4,3.109722388908267,42,40,7,0,F S,Watford,7,6.309996869415045,9.318240785971284,2.0820989906787872
1661,Sam Vokes,37,2030,10,8.347450690343976,3,1.5290202079340816,57,15,0,0,F S,Burnley,8,6.825112214311957,7.930247075855732,1.693968071602285
531,Michail Antonio,29,2451,9,9.790301950648427,3,3.3898478094488382,77,31,4,1,D F M,West Ham,9,9.790301950648427,13.229303304105997,3.0400034934282303
687,Pedro,35,2178,9,5.991286236792803,9,5.526838485151529,59,42,6,0,F M S,Chelsea,9,5.991286236792803,16.25231236591935,6.784710191190243
714,Gylfi Sigurdsson,38,3329,9,8.569288490340114,13,8.268965737894177,116,79,2,0,F M S,Swansea,6,6.28578289039433,10.746341725811362,3.8264196943491697
1660,Andre Gray,32,2279,9,7.564629638567567,3,1.471580351702869,47,19,2,0,F S,Burnley,7,6.0422916654497385,7.8198596918955445,2.1058946326375008
1715,Álvaro Negredo,36,2891,9,8.803118763957173,4,4.10040766838938,69,26,5,0,F S,Middlesbrough,7,7.28078123787418,11.963996449951082,2.7907413113862276
486,Adam Lallana,31,2371,8,4.506964456290007,7,4.112386392429471,50,42,3,0,F M S,Liverpool,8,4.506964456290007,16.62996675260365,10.077396271750331
499,Mesut Özil,33,2856,8,5.606561478227377,9,8.070462390780449,40,100,2,0,M S,Arsenal,8,5.606561478227377,22.84276197478175,14.728370394557714
535,Manuel Lanzini,35,2727,8,6.071731213480234,2,4.006757194176316,69,57,9,0,F M S,West Ham,6,4.5493931118398905,13.376216730102897,8.287111967802048
646,Christian Eriksen,36,3181,8,8.864699277095497,15,11.74070107191801,133,112,0,0,M,Tottenham,8,8.864699277095497,22.943155393004417,10.891217955388129
700,Willian,34,1509,8,3.7568806800991297,2,3.064136871136725,44,51,3,0,F M S,Chelsea,8,3.7568806800991297,9.140880485996604,4.566343002021313
813,Salomón Rondón,38,2902,8,9.35797328967601,2,2.8521678745746613,93,26,2,0,F S,West Bromwich Albion,8,9.35797328967601,13.401619354262948,2.5777701027691364
463,Junior Stanislas,21,1489,7,4.84797247685492,5,3.8548494363203645,43,22,1,0,M S,Bournemouth,5,3.3256304506212473,7.382436146959662,4.268493261188269
484,Divock Origi,34,1450,7,5.523562506772578,3,1.6023159064352512,37,16,0,0,F S,Liverpool,7,5.523562506772578,7.650573030114174,1.9656791910529137
489,James Milner,36,3170,7,7.355010665953159,3,3.951043674722314,36,56,5,0,D M,Liverpool,0,1.2656571343541145,14.358936052769423,12.455641906708479
522,Wilfried Zaha,35,3033,7,5.570255206897855,9,4.54127549380064,49,38,8,0,F M S,Crystal Palace,7,5.570255206897855,12.498163945041597,3.0121044302359223
537,Andy Carroll,18,1318,7,4.521655203774571,1,1.7217979226261377,39,14,3,0,F S,West Ham,7,4.521655203774571,6.552709426730871,3.009639358147979
572,Etienne Capoue,37,3231,7,3.7173120137304068,1,1.509296577423811,50,37,5,0,M,Watford,7,3.7173120137304068,6.283083532936871,2.6800303906202316
618,Raheem Sterling,33,2532,7,8.106005489826202,6,5.496264124289155,64,46,7,0,F M S,Manchester City,7,8.106005489826202,18.46257404051721,6.7552114222198725
790,Nathan Redmond,37,2917,7,4.817707560956478,1,5.891832923516631,83,57,2,1,F M S,Southampton,7,4.817707560956478,15.177735261619091,6.430120557546616
872,Peter Crouch,27,1319,7,5.874591821338981,2,3.2038370687514544,37,17,3,0,F S,Stoke,7,5.874591821338981,7.918542893603444,1.76161540299654
1682,Islam Slimani,23,1275,7,6.823915811255574,4,2.0667077153921127,35,17,1,0,F S,Leicester,6,6.062746794894338,7.707016736268997,2.0830835541710258
1691,Robert Snodgrass,35,2563,7,4.383588116616011,5,4.324671380221844,50,61,2,0,F M S,"Hull,West Ham",5,2.861250091344118,5.55282723903656,3.4333369340747595
5543,Gabriel Jesus,10,649,7,7.243854932487011,4,1.890662670135498,24,10,2,0,F M S,Manchester City,6,6.48272293061018,8.800843104720116,1.1323138177394867
447,Kevin De Bruyne,36,2893,6,6.771996311843395,18,15.888654900714755,86,103,4,0,F M S,Manchester City,6,6.010865323245525,28.54269857145846,15.754017719998956
468,Callum Wilson,20,1382,6,5.36559328250587,0,0.5500716008245945,31,8,0,0,F S,Bournemouth,3,3.0820868369191885,4.324739621952176,0.8914686851203442
480,Joe Allen,36,2942,6,5.681928737089038,2,4.653242416679859,40,28,9,0,M S,Stoke,6,5.681928737089038,13.03703667782247,6.203425923362374
554,Juan Mata,25,1641,6,5.665137184783816,3,4.540481245145202,40,45,3,0,F M S,Manchester United,6,5.665137184783816,11.835167105309665,6.035137891769409
699,Gary Cahill,37,3299,6,3.2974409023299813,0,0.17101850360631943,24,5,5,0,D S,Chelsea,6,3.2974409023299813,7.968183062970638,7.805242931470275
711,Leroy Fer,34,2393,6,5.205665404908359,2,1.0550480000674725,36,18,9,0,D M S,Swansea,6,5.205665404908359,7.079867891967297,4.92977986112237
713,André Ayew,25,1432,6,7.654208952561021,3,2.3669463582336903,33,15,1,0,F M S,West Ham,6,7.654208952561021,9.077346838079393,1.3524769023060799
750,Riyad Mahrez,36,2859,6,8.950818019919097,3,6.248245885595679,76,52,4,0,F M S,Leicester,3,5.144971984438598,12.870516391471028,4.793384972028434
771,Georginio Wijnaldum,36,2981,6,5.565248481929302,9,5.296915907412767,60,43,2,0,M S,Liverpool,6,5.565248481929302,18.880973957479,10.874715276062489
806,Gareth McAuley,36,3150,6,3.691566973924637,1,0.37824810296297073,16,6,5,0,D,West Bromwich Albion,6,3.691566973924637,2.1038487255573273,1.773257914930582
826,Benik Afobe,31,1436,6,8.921731073409319,3,1.8278376227244735,39,23,1,0,F S,Bournemouth,6,8.160559136420488,8.775064839050174,1.2637336254119873
848,Charlie Austin,15,946,6,6.6213467717170715,1,1.6202973239123821,37,8,1,0,F S,Southampton,4,5.099007815122604,6.864499174058437,1.5632205940783024
865,Marko Arnautovic,32,2742,6,9.1962870080024,5,7.129753512330353,60,50,9,1,F M,Stoke,6,8.43511831946671,17.06825363636017,4.3215431571006775
1621,Marcos Alonso,31,2696,6,4.146677130833268,3,3.147042380645871,46,24,2,0,M S,Chelsea,6,4.146677130833268,13.073829955421388,8.17481913883239
4422,Ashley Barnes,28,1788,6,6.592154681682587,2,2.3875336069613695,44,21,6,1,F S,Burnley,4,5.069816034287214,6.558956136927009,0.5661483881995082
337,Leroy Sané,26,1793,5,5.820728005841374,3,5.704544333741069,33,35,4,0,F M S,Manchester City,5,5.820728005841374,14.744566721841693,6.49314147606492
556,Marcus Rashford,32,1687,5,6.274289522320032,1,1.991822112351656,44,20,3,0,F M S,Manchester United,5,6.274289522320032,9.405529212206602,3.628077084198594
592,Ross Barkley,36,2922,5,6.935658210888505,8,7.259016836993396,89,84,5,0,F M S,Everton,5,6.935658210888505,16.261969108134508,8.149087453261018
604,Emre Can,32,2360,5,3.2143853222951293,2,2.0903315898030996,45,32,6,0,M S,Liverpool,5,3.2143853222951293,12.054565090686083,7.728923436254263
629,Wayne Rooney,25,1538,5,7.070011952891946,5,3.005505710840225,52,36,8,0,F M S,Manchester United,4,6.308840909972787,11.363079971633852,3.486512088216841
633,James McArthur,29,2034,5,1.6981026465073228,3,2.3486888743937016,23,16,5,0,M S,Crystal Palace,5,1.6981026465073228,5.477223176509142,2.691358333453536
648,Nacer Chadli,31,2169,5,5.810080662369728,5,4.2694517113268375,47,33,2,0,F M S,West Bromwich Albion,4,5.048912689089775,9.24325474910438,3.2578446213155985
686,Cesc Fàbregas,29,1294,5,2.8095389008522034,12,7.848821707069874,26,62,8,0,M S,Chelsea,5,2.8095389008522034,11.544593039900064,6.12983924895525
730,Patrick van Aanholt,32,2493,5,3.4783157277852297,1,2.137767430394888,34,37,3,0,D F M S,"Crystal Palace,Sunderland",5,3.4783157277852297,5.739310670644045,2.414601368829608
844,Jay Rodriguez,24,866,5,4.763505078852177,2,0.5137137975543737,33,7,0,0,F S,Southampton,5,4.763505078852177,4.87988443300128,0.5103846080601215
878,Yaya Touré,25,1955,5,3.702670432627201,0,1.1150561925023794,32,19,4,0,M S,Manchester City,3,2.1803329065442085,11.302313722670078,10.284955695271492
990,James Morrison,31,1736,5,2.478531064465642,2,1.3765214690938592,23,23,3,0,M S,West Bromwich Albion,5,2.478531064465642,6.91210843808949,3.5719482516869903
1678,Michy Batshuayi,20,221,5,3.7648217137902975,1,0.027944400906562805,17,1,0,0,F S,Chelsea,5,3.7648217137902975,4.593408090993762,1.3137308955192566
1740,Paul Pogba,30,2606,5,6.50561457592994,4,5.5897779408842325,92,57,7,0,M S,Manchester United,5,6.50561457592994,16.903288956731558,9.888524703681469
317,Henrikh Mkhitaryan,24,1347,4,2.7058538030833006,1,3.5242760460823774,32,29,1,0,F M S,Manchester United,4,2.7058538030833006,8.492568464949727,4.6559572741389275
459,Charlie Daniels,34,3060,4,1.6076873922720551,3,2.1656230110675097,19,29,1,0,D,Bournemouth,4,1.6076873922720551,9.365667060017586,7.032921178266406
516,Yohan Cabaye,32,2138,4,3.425436284393072,3,2.888524482026696,40,34,7,0,M S,Crystal Palace,4,2.6642672680318356,6.46074209548533,3.456773331388831
553,Anthony Martial,25,1558,4,3.31182773783803,6,3.6707766940817237,42,25,2,0,F M S,Manchester United,4,3.31182773783803,8.690207365900278,2.4858346907421947
585,Seamus Coleman,26,2317,4,1.3783671893179417,3,2.760131001472473,18,17,3,0,D M,Everton,4,1.3783671893179417,10.482688758522272,8.16765077970922
595,Kevin Mirallas,35,2100,4,3.547299104742706,6,3.7305216286331415,61,43,2,0,F M S,Everton,4,3.547299104742706,9.559379119426012,4.92700163833797
599,Oumar Niasse,17,1083,4,3.604678697884083,1,0.807890597730875,26,10,3,1,F S,Hull,4,3.604678697884083,4.442887634038925,0.24271529726684093
617,David Silva,34,2775,4,6.241526518017054,7,8.11968045681715,48,82,6,0,F M S,Manchester City,4,6.241526518017054,25.774784959852695,15.932340640574694
620,Kelechi Iheanacho,20,515,4,4.739896599203348,3,2.534386456012726,22,13,0,0,F S,Manchester City,4,4.739896599203348,7.544516956433654,2.492477960884571
804,Craig Dawson,37,3281,4,2.965410745702684,0,1.097650544717908,21,21,10,0,D,West Bromwich Albion,4,2.965410745702684,3.4220777563750744,2.8161372002214193
836,Victor Wanyama,36,3021,4,4.787810305133462,1,2.03554951492697,40,32,10,0,M S,Tottenham,4,4.787810305133462,11.88898042961955,9.314751144498587
843,James Ward-Prowse,30,1886,4,4.645749989897013,4,2.8906938089057803,42,43,4,0,M S,Southampton,4,4.645749989897013,8.679043468087912,4.2739432528615
863,Jonathan Walters,23,1278,4,4.316956800408661,2,0.8909997064620256,25,12,1,0,F M S,Stoke,3,3.555787784047425,4.777144096791744,1.0050326082855463
888,Xherdan Shaqiri,21,1721,4,2.6227936781942844,2,4.274763828143477,48,41,2,0,F M,Stoke,4,2.6227936781942844,8.980961941182613,5.187847092747688
1383,Manolo Gabbiadini,11,737,4,3.822397604584694,0,0.34004590194672346,29,6,1,0,F S,Southampton,4,3.0612285882234573,2.856666624546051,0.24663610383868217
1698,Abel Hernández,24,1439,4,4.70654087793082,3,1.0438039964064956,39,13,0,0,F S,Hull,4,4.70654087793082,7.33278732188046,2.2358110826462507
1709,Cristhian Stuani,23,1369,4,2.8069687839597464,0,0.5279853157699108,21,7,4,0,F M S,Middlesbrough,4,2.8069687839597464,3.4125292748212814,0.5970664005726576
1710,Marten de Roon,33,2779,4,2.8140534479171038,0,0.7112408000975847,29,11,8,0,M S,Middlesbrough,4,2.8140534479171038,6.81645785830915,5.116796193644404
1727,Alfie Mawson,27,2430,4,2.0473774978891015,0,0.3918485986068845,23,4,1,0,D,Swansea,4,2.0473774978891015,1.699102869257331,1.6677921693772078
1732,Nolito,19,786,4,3.989437036216259,2,1.4063788950443268,32,13,3,1,F M S,Manchester City,4,3.989437036216259,8.056466039270163,3.6412904001772404
1737,Matt Phillips,27,2208,4,2.8540003206580877,8,4.393438269384205,47,33,2,0,F M S,West Bromwich Albion,4,2.8540003206580877,6.104342736303806,1.3419111873954535
1763,Stefano Okaka,19,941,4,2.620595447719097,0,1.3582880264148116,27,14,5,0,F S,Watford,4,2.620595447719097,3.958027221262455,0.9739708788692951
314,Ilkay Gündogan,10,717,3,1.921189139597118,1,0.9761678762733936,16,12,0,0,M S,Manchester City,3,1.921189139597118,6.541459213942289,4.147721093147993
483,Daniel Sturridge,20,757,3,4.347297552973032,1,1.6363770924508572,40,14,1,0,F S,Liverpool,3,4.347297552973032,7.814842473715544,3.2096377797424793
500,Alex Iwobi,26,1471,3,3.227379996329546,3,2.2150607239454985,39,26,1,0,M S,Arsenal,3,3.227379996329546,9.353172458708286,5.631796456873417
512,Scott Dann,23,1746,3,1.3930323915556073,1,0.915567122399807,21,6,2,0,D S,Crystal Palace,3,1.3930323915556073,2.083009421825409,2.0511964187026024
530,James Tomkins,24,1984,3,4.003372926265001,0,0.10124170035123825,14,2,4,0,D S,Crystal Palace,3,4.003372926265001,2.6131718987599015,2.555121699348092
533,Mark Noble,30,2422,3,3.6519652949646115,0,1.4297507805749774,25,24,10,0,M S,West Ham,2,2.1296242820098996,7.117133017629385,5.723065760917962
539,Enner Valencia,24,907,3,4.101015366613865,1,0.8733555935323238,31,7,1,0,F M S,"Everton,West Ham",3,4.101015366613865,5.446974772959948,1.1479168012738228
541,Victor Moses,34,2519,3,4.045990202575922,2,2.633279960602522,45,28,4,0,M S,Chelsea,3,4.045990202575922,9.635234056040645,5.143250335007906
579,Nathan Aké,12,826,3,2.1903573852032423,1,1.0062817707657814,7,4,1,0,D S,"Bournemouth,Chelsea",3,2.1903573852032423,4.4379116259515285,2.8812461756169796
587,Phil Jagielka,27,2252,3,1.2690291870385408,2,0.7028575781732798,14,5,4,1,D S,Everton,3,1.2690291870385408,5.038554010912776,4.973763843998313
612,Vincent Kompany,11,826,3,0.6902353912591934,0,0.5746745243668556,9,2,5,0,D S,Manchester City,3,0.6902353912591934,2.4782427847385406,2.434142768383026
719,Wayne Routledge,27,1957,3,3.7827996276319027,1,2.054804333485663,19,25,1,0,F M S,Swansea,3,3.7827996276319027,6.5160643476992846,1.7848158106207848
754,Shinji Okazaki,30,1594,3,2.964745203964412,1,1.240434980019927,29,14,1,0,F M S,Leicester,3,2.964745203964412,5.195507389493287,2.084342498332262
775,Andros Townsend,36,2542,3,3.331525790505111,4,5.83449300378561,56,51,4,0,F M S,Crystal Palace,3,3.331525790505111,9.206503234803677,2.9004562785848975
818,Victor Anichebe,18,1212,3,2.426557875238359,0,0.7153269127011299,30,11,2,0,F M S,Sunderland,3,2.426557875238359,3.6320533752441406,0.8847618978470564
839,Shane Long,32,1231,3,5.245460886508226,1,1.568783400580287,41,14,2,0,F S,Southampton,3,4.484291795641184,7.210736649110913,1.5648734997957945
840,Dusan Tadic,33,2457,3,6.760316548869014,5,5.7028485760092735,63,66,4,0,F M S,Southampton,2,5.237976578995585,13.268406096845865,6.236922853626311
871,Bojan,9,474,3,2.816583713516593,0,0.15535229817032814,10,4,1,0,F M S,Stoke,1,0.5330776115879416,1.2773735206574202,0.6525818966329098
904,Chris Brunt,31,2478,3,1.5911602908745408,4,4.866877308115363,38,40,5,0,D M S,West Bromwich Albion,3,1.5911602908745408,6.070449275895953,3.5755154686048627
1674,Sofiane Feghouli,21,1034,3,2.854199543595314,3,1.5520698856562376,20,19,1,1,F M S,West Ham,3,2.854199543595314,6.191003633663058,2.453573126345873
1683,Ryan Fraser,28,1774,3,2.1123162023723125,5,3.622358724474907,24,32,3,0,D M S,Bournemouth,3,2.1123162023723125,6.436733680777252,2.6309686079621315
1690,Sam Clucas,37,3195,3,2.7785697178915143,1,1.5413982747122645,42,15,9,1,D M S,Hull,3,2.7785697178915143,7.731717757880688,4.405732207000256
1738,Hal Robson-Kanu,29,654,3,1.9389457143843174,2,0.8019475154578686,16,9,3,0,F S,West Bromwich Albion,3,1.9389457143843174,2.593429312109947,0.5108151370659471
1744,Michael Dawson,22,1718,3,0.6878849286586046,0,0.2418445022776723,12,4,4,0,D S,Hull,3,0.6878849286586046,1.7646634876728058,1.6883539892733097
204,Granit Xhaka,32,2492,2,0.9050186015665531,2,2.115309687331319,34,35,5,2,M S,Arsenal,2,0.9050186015665531,13.469469396397471,12.100475447252393
458,Steve Cook,38,3420,2,1.654715915210545,0,0.4837766960263252,29,3,5,0,D,Bournemouth,2,1.654715915210545,6.486318210139871,6.173630646429956
462,Dan Gosling,27,1336,2,1.4571681842207909,0,0.7769592925906181,16,10,6,0,M S,Bournemouth,2,1.4571681842207909,5.838790667243302,4.33312859851867
466,Marc Pugh,21,1345,2,1.6018412858247757,2,1.878648228943348,18,19,1,0,D M S,Bournemouth,2,1.6018412858247757,4.169176809489727,2.3521924018859863
494,Laurent Koscielny,33,2828,2,1.3298050742596388,0,0.1977356020361185,9,3,4,1,D,Arsenal,2,1.3298050742596388,7.749732313677669,7.706238312646747
501,Danny Welbeck,16,743,2,3.4654518999159336,2,1.1594071947038174,19,5,0,0,F M S,Arsenal,2,3.4654518999159336,4.500693671405315,0.6830954924225807
508,Calum Chambers,25,2250,2,0.8403274239972234,1,0.6078136097639799,8,6,4,0,D,"Arsenal,Middlesbrough",2,0.8403274239972234,3.606951931491494,3.128462452441454
519,Connor Wickham,8,406,2,1.089648500084877,0,0,10,0,1,0,F M S,Crystal Palace,2,1.089648500084877,1.2747620977461338,0.3482366017997265
529,Winston Reid,30,2595,2,0.8129212111234665,2,0.9388464195653796,11,8,8,1,D,West Ham,2,0.8129212111234665,3.4150177082046866,3.2767178118228912
536,Dimitri Payet,18,1520,2,3.223100610077381,6,5.917087025940418,55,74,2,0,F M S,West Ham,2,3.223100610077381,6.662132266908884,2.9931112127378583
568,José Holebas,33,2917,2,0.9236078038811684,4,2.9176323590800166,28,36,14,0,D M,Watford,2,0.9236078038811684,5.528829487040639,4.063428420573473
588,Leighton Baines,32,2827,2,2.7509228345006704,3,2.6850180039182305,15,46,4,0,D M,Everton,0,0.46741550229489803,12.14088617824018,10.553630283102393
590,Gareth Barry,33,2109,2,0.861535887233913,1,1.3470333004370332,17,28,10,0,M S,Everton,2,0.861535887233913,7.23050538636744,6.2938356176018715
602,Dejan Lovren,29,2559,2,1.136596292257309,1,0.44400050304830074,15,7,6,0,D,Liverpool,2,1.136596292257309,7.753830149769783,7.697475947439671
614,Fernandinho,32,2752,2,3.2935858806595206,1,2.4662297070026398,36,33,4,2,D M S,Manchester City,2,3.2935858806595206,16.815134800970554,13.908864980563521
622,Wilfried Bony,10,702,2,2.4631300158798695,0,0.8356749005615711,21,7,1,0,F S,Stoke,2,2.4631300158798695,3.3504210747778416,0.9201749879866838
641,Danny Rose,18,1538,2,0.8990533081814647,2,1.3458631113171577,23,26,8,0,D M,Tottenham,2,0.8990533081814647,4.799434492364526,3.438614198938012
643,Eric Dier,36,3045,2,1.5872800033539534,0,0.7489531114697456,23,14,6,0,D M S,Tottenham,2,1.5872800033539534,10.803298082202673,10.07175898551941
655,James Collins,22,1649,2,1.055944075807929,0,0.19634490087628365,11,4,3,0,D S,West Ham,2,1.055944075807929,1.3343894919380546,1.1541633950546384
736,Younes Kaboul,23,1919,2,1.4167460016906261,0,0.06752640102058649,12,2,2,0,D,"Sunderland,Watford",2,1.4167460016906261,0.7621026076376438,0.6498812045902014
737,Fabio Borini,24,1739,2,2.044637428596616,0,0.5919893030077219,33,15,5,0,F M S,Sunderland,2,2.044637428596616,3.13609940931201,1.0123161990195513
747,Robert Huth,33,2932,2,2.0303970891982317,2,1.5547647550702095,26,6,9,0,D,Leicester,2,2.0303970891982317,3.803451405838132,2.953204605728388
749,Christian Fuchs,36,3108,2,1.3513160282745957,4,3.4672655882313848,21,38,10,0,D S,Leicester,2,1.3513160282745957,6.171519406139851,4.742113219574094
753,Marc Albrighton,33,2449,2,1.282536887563765,6,4.638040881603956,21,47,5,0,D M S,Leicester,2,1.282536887563765,6.39722306560725,2.8114807195961475
764,Daryl Janmaat,27,1620,2,1.470455477014184,1,1.5475112907588482,26,13,2,0,D M S,Watford,2,1.470455477014184,3.83804870210588,2.3895008843392134
798,Martin Olsson,15,1252,2,0.70154869556427,0,0.39556800201535225,9,7,2,0,D S,Swansea,2,0.70154869556427,3.1216078102588654,2.286035118624568
807,Jonny Evans,31,2635,2,1.805808998644352,1,0.3334583966061473,9,7,8,0,D M S,West Bromwich Albion,2,1.805808998644352,3.056495616212487,3.042246015742421
809,Darren Fletcher,38,3242,2,1.874785890802741,3,1.7452845815569162,20,23,0,0,M S,West Bromwich Albion,2,1.874785890802741,6.902402086183429,4.336862497031689
835,Ryan Bertrand,28,2509,2,0.6660360107198358,4,2.694297209382057,19,28,3,0,D,Southampton,2,0.6660360107198358,8.266150183975697,6.5086263827979565
952,Gastón Ramírez,24,1561,2,3.113752471283078,3,3.0068857222795486,32,31,8,1,F M S,Middlesbrough,2,3.113752471283078,7.360805071890354,3.585045713931322
965,Santiago Cazorla,8,621,2,1.6693916991353035,2,0.8027662038803101,8,10,2,0,M S,Arsenal,0,0.14705369994044304,3.2815439254045486,2.7705690264701843
966,Alex Oxlade-Chamberlain,29,1564,2,2.440088886767626,7,4.469723431393504,28,32,1,0,M S,Arsenal,2,2.440088886767626,10.298072082921863,5.440289983525872
1042,Tom Davies,24,1540,2,1.399094196036458,3,1.967228788882494,14,13,4,0,M S,Everton,2,1.399094196036458,6.800828769803047,3.664227234199643
1126,M&#039;Baye Niang,16,1278,2,1.2735738176852465,2,1.8515575043857098,32,9,2,0,F M S,Watford,2,1.2735738176852465,3.6397408805787563,1.7139420974999666
1522,Andrea Ranocchia,16,1330,2,0.8233591802418232,2,0.5870831049978733,8,3,2,0,D S,Hull,2,0.8233591802418232,2.503325518220663,1.8369258865714073
1653,Michael Keane,35,3150,2,1.458498489111662,1,0.9949255008250475,23,8,4,0,D,Burnley,2,1.458498489111662,1.3617717996239662,1.1613999027758837
1656,George Boyd,36,2866,2,1.4767534052953124,1,2.1451754877343774,34,17,3,0,M S,Burnley,2,1.4767534052953124,4.605845753103495,1.8933543134480715
1681,Ahmed Musa,21,733,2,1.4059602422639728,0,1.214856117963791,17,7,1,0,F M S,Leicester,2,1.4059602422639728,3.7689506001770496,1.5175206065177917
1687,Harry Maguire,29,2311,2,1.9734392035752535,2,0.8420128859579563,34,11,5,0,D S,Hull,2,1.9734392035752535,5.049389252439141,4.071343515999615
1694,Adama Diomande,22,1149,2,2.5380394235253334,0,0.6628724932670593,23,13,1,0,D F M S,Hull,2,2.5380394235253334,3.5595774427056313,0.947289802134037
1699,Shkodran Mustafi,26,2274,2,1.1007174905389547,2,0.9719927944242954,24,9,11,0,D,Arsenal,2,1.1007174905389547,8.296248443424702,8.043822031468153
1723,Roberto Pereyra,13,1044,2,1.3779955133795738,2,1.700189407914877,9,15,2,1,F M S,Watford,2,1.3779955133795738,4.251549381762743,2.0729248002171516
1725,Christian Kabasele,16,767,2,1.665544230490923,0,0.10066600330173969,7,3,1,0,D M S,Watford,2,1.665544230490923,0.331052603200078,0.20018989592790604
1730,Vincent Janssen,27,815,2,4.4170533288270235,2,1.2540392242372036,30,16,0,0,F S,Tottenham,1,3.6558873523026705,3.7925248090177774,0.8960287114605308
1746,Jeff Hendrick,32,2698,2,1.3130618361756206,1,0.653957792557776,31,13,6,1,M S,Burnley,2,1.3130618361756206,2.7778089232742786,1.8422746006399393
4406,Lazar Markovic,12,1024,2,2.2206648513674736,0,0.445965301245451,12,8,4,0,M,Hull,2,2.2206648513674736,3.597358813509345,1.0627347063273191
5545,Wilfred Ndidi,17,1523,2,1.8456833129748702,1,0.9799964837729931,31,6,0,0,M,Leicester,2,1.8456833129748702,2.9463370591402054,1.896820118650794
5549,Luka Milivojevic,14,1230,2,1.9874194264411926,0,0.6430021040141582,14,5,4,0,M,Crystal Palace,0,0.46508159674704075,2.551720794290304,1.9109944943338633
332,Joel Matip,29,2453,1,3.102064985781908,0,0.5122785046696663,25,10,3,0,D S,Liverpool,1,3.102064985781908,7.159184252843261,6.879070367664099
492,Héctor Bellerín,33,2496,1,2.2728806994855404,4,3.5707100834697485,22,28,4,0,D M S,Arsenal,1,2.2728806994855404,12.358971258625388,7.489948648959398
504,Aaron Ramsey,23,1212,1,3.50575712043792,4,4.432390306144953,42,23,3,0,M S,Arsenal,1,3.50575712043792,11.132133066654205,5.294310482218862
517,Joe Ledley,18,1169,1,0.133109200745821,0,0.14763289596885443,3,6,1,0,M S,Crystal Palace,1,0.133109200745821,1.9581161011010408,1.718156697228551
518,Yannick Bolasie,14,1056,1,1.2203223071992397,4,4.7742172330617905,27,20,3,0,F M S,"Crystal Palace,Everton",1,1.2203223071992397,6.779860287904739,1.3568600192666054
532,Cheikhou Kouyaté,31,2738,1,1.052809914574027,0,0.31610972713679075,21,9,3,0,D M,West Ham,1,1.052809914574027,4.682202092371881,3.9972843220457435
542,Pedro Obiang,22,1778,1,0.383512394502759,1,0.4733996344730258,9,6,7,0,M S,West Ham,1,0.383512394502759,5.100283722393215,4.389140105806291
548,Daley Blind,23,1827,1,0.43253209814429283,2,2.05253379419446,9,27,2,0,D S,Manchester United,1,0.43253209814429283,7.496676508337259,6.478347789496183
550,Marcos Rojo,21,1658,1,1.0273041892796755,0,0.2739330008625984,14,5,5,0,D S,Manchester United,1,1.0273041892796755,4.780627865344286,4.35580032505095
551,Morgan Schneiderlin,17,1067,1,0.7051461040973663,0,0.1290040984749794,8,6,2,0,M S,"Everton,Manchester United",1,0.7051461040973663,5.677683211863041,5.116363190114498
552,Ander Herrera,31,2466,1,1.4344899840652943,6,3.9950235225260258,38,36,5,1,M S,Manchester United,1,1.4344899840652943,14.326553829014301,10.754210541024804
558,Jesse Lingard,25,1384,1,3.757661821320653,2,2.1995952278375626,37,29,3,0,F M S,Manchester United,1,3.757661821320653,10.838652646169066,5.95788630284369
566,Sebastian Prödl,33,2774,1,1.8484823750331998,1,0.8706913068890572,22,10,10,1,D S,Watford,1,1.8484823750331998,3.04250480607152,2.431777410209179
567,Miguel Britos,27,2291,1,2.0071697011590004,2,1.5747581291943789,18,7,6,2,D,Watford,1,2.0071697011590004,2.35990557866171,2.0335670551285148
573,Odion Ighalo,18,1292,1,3.474221682175994,1,0.6421252936124802,37,11,1,0,F M S,Watford,1,3.474221682175994,4.637669637799263,0.9040372986346483
589,James McCarthy,12,608,1,0.4602263029664755,1,0.2503915000706911,6,5,2,0,M S,Everton,1,0.4602263029664755,2.297516133636236,1.6062764897942543
605,Jordan Henderson,24,2122,1,0.7973979115486145,4,2.5793107841163874,17,32,8,0,M,Liverpool,1,0.7973979115486145,12.209278754889965,10.577190160751343
610,Pablo Zabaleta,20,1055,1,0.6953417919576168,1,0.45518549997359514,7,11,2,0,D M S,Manchester City,1,0.6953417919576168,6.211660511791706,5.194827519357204
611,Nicolás Otamendi,30,2588,1,1.0554080856963992,1,1.1595253236591816,15,6,9,0,D S,Manchester City,1,1.0554080856963992,11.596422753296793,11.425041644833982
613,Gaël Clichy,25,2127,1,0.03328350093215704,0,0.9297903496772051,2,16,2,0,D M S,Manchester City,1,0.03328350093215704,13.328611880540848,12.413365446031094
621,Aleksandar Kolarov,29,2532,1,1.0232505835592747,1,1.0573674039915204,32,15,6,0,D S,Manchester City,1,1.0232505835592747,13.291690073907375,12.658333454281092
627,Antonio Valencia,28,2488,1,1.8512356001883745,3,2.627352198585868,9,31,5,0,D M S,Manchester United,1,1.8512356001883745,12.042700983583927,9.902497425675392
628,Chris Smalling,18,1212,1,0.40389780048280954,1,0.6390482895076275,7,3,0,0,D S,Manchester United,1,0.40389780048280954,2.615398531779647,2.543783551082015
630,Marouane Fellaini,28,1591,1,2.173114680685103,0,0.6634103013202548,23,18,9,1,M S,Manchester United,1,2.173114680685103,6.072387358173728,4.51458203047514
634,Fraizer Campbell,12,125,1,0.4415289834141731,0,0.05113080143928528,4,1,0,0,S,Crystal Palace,1,0.4415289834141731,0.5101623870432377,0.1331046037375927
639,Toby Alderweireld,30,2610,1,1.9968210961669683,0,0.3265845961868763,28,6,1,0,D,Tottenham,1,1.9968210961669683,8.036765376105905,7.413335250690579
642,Mousa Dembélé,30,2085,1,0.5696422858163714,1,0.9761255877092481,15,25,5,0,M S,Tottenham,1,0.5696422858163714,9.285686427727342,8.62422507442534
644,Erik Lamela,9,590,1,1.8015877902507782,1,1.2001086585223675,18,18,1,0,M S,Tottenham,1,1.0404187962412834,2.4177640080451965,1.1566212885081768
649,Ryan Mason,16,931,1,0.6050022980198264,0,0.3290861062705517,17,8,4,0,M S,Hull,1,0.6050022980198264,1.4432523986324668,0.7781335031613708
653,Tom Carroll,18,1395,1,0.28935142513364553,2,1.5475282818078995,9,16,1,0,M S,"Swansea,Tottenham",1,0.28935142513364553,3.707015722990036,3.0344448257237673
656,Diafra Sakho,4,183,1,0.6023831851780415,0,0.05729740113019943,3,1,0,0,F S,West Ham,1,0.6023831851780415,0.142238799482584,0.02287380024790764
660,Ben Davies,23,1729,1,0.4300550054758787,3,2.614672888070345,13,29,1,0,D M S,Tottenham,1,0.4300550054758787,7.0397470109164715,5.6776230819523335
668,Idrissa Gueye,33,2700,1,1.989438253454864,1,2.139620100148022,25,25,11,0,M S,Everton,1,1.989438253454864,13.021232126280665,10.61426099203527
671,Rudy Gestede,16,514,1,1.292148396372795,0,0.7781423926353455,15,11,3,0,F S,Middlesbrough,1,1.292148396372795,2.2981619797647,0.29985570907592773
672,Jordan Ayew,14,858,1,1.021994834765792,3,1.8366587739437819,12,6,1,0,F M S,Swansea,1,1.021994834765792,2.998910278081894,0.79721849411726
681,César Azpilicueta,38,3420,1,0.6433532983064651,4,1.6755605190992355,18,22,4,0,D M,Chelsea,1,0.6433532983064651,12.989188741892576,11.40963128209114
697,Nemanja Matic,35,2699,1,1.1329743070527911,7,3.0576382223516703,20,26,4,0,M S,Chelsea,1,1.1329743070527911,10.869502376765013,9.141998574137688
707,Angel Rangel,18,811,1,0.2413316024467349,0,0.6948097981512547,5,7,1,0,D S,Swansea,1,0.2413316024467349,2.6399309150874615,2.4480347856879234
709,Ashley Williams,36,3156,1,1.3583404114469886,3,1.2082149414345622,15,10,7,1,D S,Everton,1,1.3583404114469886,7.198602022603154,6.826772337779403
718,Kyle Naughton,31,2722,1,0.5690799048170447,0,1.8282627910375595,20,23,5,0,D,Swansea,1,0.5690799048170447,7.3038027454167604,5.3719260804355145
728,Lamine Koné,30,2544,1,1.9712954126298428,0,0.520187608897686,17,2,4,0,D S,Sunderland,1,1.9712954126298428,1.0570594035089016,1.0570594035089016
734,Wahbi Khazri,21,824,1,1.1389319077134132,0,1.9164743106812239,23,21,6,0,F M S,Sunderland,1,1.1389319077134132,2.0931110847741365,0.4761797972023487
742,Billy Jones,27,2273,1,1.838329615071416,0,2.115543740801513,15,29,8,0,D M S,Sunderland,1,1.838329615071416,3.7382692210376263,2.0610161889344454
748,Wes Morgan,27,2430,1,1.8657884895801544,0,0.13108949922025204,14,4,3,0,D,Leicester,1,1.8657884895801544,2.1027577333152294,2.0123785473406315
751,N&#039;Golo Kanté,35,3141,1,2.1681482857093215,1,1.8752306448295712,27,22,9,0,M,Chelsea,1,2.1681482857093215,14.04937507584691,11.896485097706318
752,Daniel Drinkwater,29,2466,1,1.143527909182012,1,1.1219558045268059,31,15,6,0,M S,Leicester,1,1.143527909182012,6.518814432434738,5.1742516392841935
756,Leonardo Ulloa,16,412,1,1.9004421755671501,0,0.10303940251469612,11,2,0,0,F S,Leicester,1,1.9004421755671501,1.4736188910901546,0.6307167010381818
759,Daniel Amartey,24,1651,1,0.829638198018074,1,0.5581089816987514,14,15,3,0,D M S,Leicester,1,0.829638198018074,2.941050013527274,2.098857215605676
762,Demarai Gray,30,1015,1,0.9837647201493382,3,1.7882255781441927,27,17,2,0,F M S,Leicester,1,0.9837647201493382,3.5516433231532574,1.2206886252388358
782,Ben Chilwell,12,686,1,0.668289303779602,0,0.3706484157592058,7,2,2,0,D S,Leicester,1,0.668289303779602,2.7422422990202904,1.7279787100851536
784,Andy King,23,1439,1,0.6111542116850615,0,0.24182540364563465,14,6,4,0,M S,Leicester,1,0.6111542116850615,3.630845595151186,3.1202397271990776
789,Robbie Brady,14,710,1,0.7694878149777651,2,1.6063628867268562,19,16,1,0,M S,Burnley,1,0.7694878149777651,1.5022324780002236,0.32196161802858114
814,James McClean,34,1444,1,1.4911542292684317,2,2.328659363090992,23,19,9,0,F M S,West Bromwich Albion,1,1.4911542292684317,3.110250672325492,1.2076289020478725
822,Patrick Bamford,14,294,1,1.1432095877826214,0,0.08816120028495789,7,1,1,0,F S,"Burnley,Middlesbrough",1,1.1432095877826214,1.4599988907575607,0.8385108932852745
825,Adam Smith,36,3094,1,1.389054604806006,5,4.811003897339106,26,30,6,0,D M S,Bournemouth,1,1.389054604806006,10.946810204535723,7.341879336163402
833,Virgil van Dijk,21,1857,1,1.365999385714531,0,0.47590709663927555,17,6,3,1,D,Southampton,1,1.365999385714531,4.357291301712394,4.199445506557822
837,Jordy Clasie,16,1038,1,0.5245746076107025,1,0.32270070165395737,12,5,3,0,M S,Southampton,1,0.5245746076107025,4.123527005314827,3.7180149853229523
842,Oriol Romeu,35,3071,1,1.8110417937859893,0,1.178143517114222,28,17,11,0,M,Southampton,1,1.8110417937859893,11.352103375829756,10.563424084335566
845,Maya Yoshida,23,2070,1,1.9002595152705908,0,0.17716420348733664,15,4,2,0,D,Southampton,1,1.9002595152705908,3.729156794026494,2.9174257535487413
860,Marc Muniesa,10,644,1,0.2343004997819662,0,0.08589959889650345,6,4,2,0,D S,Stoke,1,0.2343004997819662,0.9746139943599701,0.7004662081599236
868,Mame Biram Diouf,27,1381,1,2.9089983757585287,2,1.3079153932631016,20,10,3,0,D F M S,Stoke,1,2.9089983757585287,4.550066946074367,1.8803899977356195
873,Charlie Adam,24,1504,1,2.73026436381042,3,2.478656131774187,40,29,7,0,M S,Stoke,0,1.9690957078710198,7.209516323171556,4.998237669467926
876,Fabian Delph,7,216,1,0.22627899423241615,0,0.36103289760649204,6,2,1,0,M S,Manchester City,1,0.22627899423241615,1.5493250042200089,1.3133180141448975
881,Harry Arter,35,2963,1,3.2334471782669425,4,2.1219808543100953,54,32,11,1,M S,Bournemouth,1,2.4722785903140903,12.483044397085905,9.375528384931386
886,Ryan Shawcross,35,3150,1,1.2419532062485814,1,0.2228154968470335,20,5,6,0,D,Stoke,1,1.2419532062485814,3.5476493537425995,3.4264743514358997
917,John Terry,9,489,1,1.5412320047616959,0,0.540275115519762,8,2,1,0,D S,Chelsea,1,1.5412320047616959,0.5361377894878387,0.4666052982211113
920,Matthew Pennington,3,180,1,0.6383320093154907,0,0.17364199459552765,1,1,0,0,D S,Everton,1,0.6383320093154907,0.2130598947405815,0.039417900145053864
971,Harry Winks,21,455,1,1.0234675891697407,1,0.6690505091100931,6,8,1,0,M S,Tottenham,1,1.0234675891697407,2.754540614783764,1.6087495982646942
1654,Ben Mee,34,3018,1,0.8950457377359271,0,0.23173459619283676,16,6,5,0,D,Burnley,1,0.8950457377359271,2.8267309926450253,2.772047591395676
1655,Stephen Ward,37,3233,1,1.3775879833847284,1,2.2142866030335426,7,22,5,0,D,Burnley,1,1.3775879833847284,5.215952057391405,3.2452167961746454
1657,Steven Defour,21,1088,1,0.49375350680202246,3,1.1825319500640035,8,23,1,0,M S,Burnley,1,0.49375350680202246,1.6209760131314397,1.0115655036643147
1658,Dean Marney,21,1779,1,0.2687266506254673,2,0.5393413184210658,12,5,7,0,M,Burnley,1,0.2687266506254673,1.7469457797706127,1.4832411967217922
1659,Scott Arfield,31,2118,1,2.939779778942466,0,1.8786321142688394,44,34,3,0,M S,Burnley,1,2.939779778942466,4.719801418483257,1.7680322285741568
1663,Johann Berg Gudmundsson,20,988,1,0.6135827992111444,2,1.21002347022295,17,15,1,0,M S,Burnley,1,0.6135827992111444,1.5712092882022262,0.46364149544388056
1672,Jonathan Calleri,16,526,1,2.451969303190708,0,0.41316929552704096,16,7,0,0,F S,West Ham,1,2.451969303190708,3.1136979972943664,0.44750929810106754
1676,David Luiz,33,2959,1,1.4128169966861606,0,1.363066304475069,31,10,6,0,D,Chelsea,1,1.4128169966861606,7.602320395410061,6.938522692769766
1688,Andrew Robertson,33,2741,1,0.24547370243817568,2,1.393277415074408,7,19,5,0,D M S,Hull,1,0.24547370243817568,5.089046764187515,3.7431514635682106
1689,Jake Livermore,37,2989,1,1.5671485988423228,1,1.6891981847584248,33,20,5,1,D M S,"Hull,West Bromwich Albion",1,1.5671485988423228,5.261512011289597,3.0356816854327917
1692,Shaun Maloney,9,269,1,1.0631715841591358,2,0.6026207804679871,3,4,0,0,M S,Hull,1,1.0631715841591358,0.9583795014768839,0.4692807160317898
1693,David Meyler,20,943,1,0.5081378016620874,0,0.5061498871073127,8,6,2,0,D M S,Hull,1,0.5081378016620874,1.6613527089357376,1.3635290022939444
1695,Tom Huddlestone,31,2025,1,1.2344687096774578,0,1.0967805199325085,21,19,5,1,M S,Hull,0,0.47329969331622124,7.109625894576311,6.004909521900117
1700,Lucas Pérez,11,254,1,0.9380822032690048,0,0.5734851062297821,9,7,0,0,F M S,Arsenal,1,0.9380822032690048,2.2173371985554695,0.9818734973669052
1701,Borja Bastón,18,526,1,2.2868412025272846,0,0.21951169706881046,15,5,0,0,F S,Swansea,1,2.2868412025272846,2.7998032346367836,0.9506967887282372
1702,Mike van der Hoorn,8,659,1,1.3173155840486288,0,0,4,0,1,0,D S,Swansea,1,1.3173155840486288,1.2172971926629543,0.7885931991040707
1707,Ben Gibson,38,3420,1,0.8124675033614039,1,0.5862094834446907,15,3,4,0,D,Middlesbrough,1,0.8124675033614039,5.14988929592073,5.046647695824504
1712,Stewart Downing,30,2214,1,2.140358505770564,3,2.293597299605608,29,29,1,0,D F M S,Middlesbrough,1,2.140358505770564,6.375499794259667,3.31012132903561
1718,Daniel Ayala,14,913,1,1.2105267867445946,0,0,10,0,3,0,D S,Middlesbrough,1,1.2105267867445946,1.1888520075008273,1.1888520075008273
1719,Javier Manquillo,20,1423,1,0.4919749032706022,0,0.19370139576494694,3,4,2,0,D S,Sunderland,1,0.4919749032706022,0.9199867080897093,0.6920360065996647
1720,Didier Ndong,31,2519,1,0.7632233016192913,0,1.2343515437096357,16,16,5,0,M S,Sunderland,1,0.7632233016192913,6.009580111131072,4.343480583280325
1722,Juan Zuñiga,21,804,1,0.547059204429388,0,0.24282390251755714,6,5,1,0,D M S,Watford,1,0.547059204429388,2.7407730892300606,2.164346480742097
1724,Isaac Success,19,463,1,1.246619775891304,1,0.3569929003715515,14,5,2,0,M S,Watford,1,1.246619775891304,1.4445009864866734,0.08762730099260807
1726,Abdoulaye Doucouré,20,1349,1,1.8816117206588387,0,0.4213321041315794,22,11,4,0,M S,Watford,1,1.8816117206588387,3.5858634542673826,2.1493301168084145
1734,Sofiane Boufal,24,1090,1,1.1150527093559504,0,1.2859111968427896,25,23,5,0,F M S,Southampton,1,1.1150527093559504,4.480476977303624,2.5987207423895597
1743,Bruno Martins Indi,35,3149,1,1.6193588357418776,0,0.12825839594006538,18,2,5,0,D,Stoke,1,1.6193588357418776,4.1969079012051225,4.108620801009238
2144,Alfred N&#039;Diaye,15,1286,1,1.190684880129993,0,0.13919119723141193,10,4,7,0,M,Hull,1,1.190684880129993,1.7029674910008907,1.085763880982995
4430,Joey Barton,14,1104,1,0.41184460185468197,0,0.6195554044097662,12,8,4,0,M S,Burnley,1,0.41184460185468197,2.629542449489236,2.048955015838146
5542,Grant Leadbitter,13,707,1,0.7558514047414064,0,0.2924201972782612,13,8,1,0,M S,Middlesbrough,1,0.7558514047414064,1.6179066002368927,0.8440810963511467
5555,Dominic Calvert-Lewin,11,340,1,1.245162097737193,0,0,7,0,1,0,F M S,Everton,1,1.245162097737193,1.3887297566980124,0.22231190651655197
5556,Ademola Lookman,8,289,1,1.1416975036263466,0,0,16,0,0,0,F S,Everton,1,1.1416975036263466,1.4896504878997803,0.4487139955163002
5597,Josh Harrop,1,90,1,0.1439490020275116,0,0.016571899875998497,2,1,0,0,F,Manchester United,1,0.1439490020275116,0.3680320084095001,0.22408300638198853
37,Loris Karius,10,900,0,0,0,0,0,0,0,0,GK,Liverpool,0,0,1.9014004841446877,1.9014004841446877
91,Ron-Robert Zieler,9,752,0,0,0,0,0,0,0,0,GK S,Leicester,0,0,0.5712888091802597,0.5712888091802597
202,Håvard Nordtveit,16,955,0,0.1332853026688099,1,0.7496677190065384,7,4,2,0,D M S,West Ham,0,0.1332853026688099,1.644134528003633,0.8764191921800375
232,Jan Kirchhoff,7,435,0,0.23402110487222672,0,0.07513339817523956,3,1,1,0,M S,Sunderland,0,0.23402110487222672,0.4459524992853403,0.3587134052067995
265,Ragnar Klavan,20,1402,0,0.19192410446703434,0,0.1798550933599472,4,3,3,0,D S,Liverpool,0,0.19192410446703434,3.9253748562186956,3.9040768574923277
323,Adnan Januzaj,25,1632,0,1.524125313386321,3,2.4683682061731815,27,34,3,1,F M S,Sunderland,0,1.524125313386321,4.483380820602179,1.6501534078270197
343,Pierre-Emile Højbjerg,22,1296,0,1.3645170638337731,0,0.6220744978636503,28,16,2,0,M S,Southampton,0,1.3645170638337731,5.602686204947531,4.2606870997697115
455,Artur Boruc,35,3150,0,0,0,0.022906100377440453,0,1,2,0,GK,Bournemouth,0,0,2.6897914987057447,2.666885493323207
456,Simon Francis,34,2945,0,0.1653731008991599,1,1.5683694994077086,7,19,4,1,D,Bournemouth,0,0.1653731008991599,7.803949223831296,7.317913267761469
460,Andrew Surman,22,1803,0,0.5123748127371073,1,0.43586469255387783,8,11,1,1,M S,Bournemouth,0,0.5123748127371073,5.605382360517979,5.298719773069024
464,Max Gradel,11,107,0,0.2880242057144642,0,0.138032004237175,5,1,3,0,S,Bournemouth,0,0.2880242057144642,0.459123607724905,0.09115229919552803
467,Lewis Grabban,3,51,0,0.07449609786272049,1,0.08925840258598328,1,1,0,0,S,Bournemouth,0,0.07449609786272049,0.3032284080982208,0.13947400450706482
469,Adam Federici,2,180,0,0,0,0,0,0,1,0,GK,Bournemouth,0,0,0.4264579862356186,0.4264579862356186
475,Lucas Leiva,24,1097,0,0.7886195899918675,3,0.6543113999068737,8,6,4,0,D M S,Liverpool,0,0.7886195899918675,3.259511113166809,2.934801807627082
477,Brad Smith,5,274,0,0.090692900121212,0,0.0748870000243187,2,2,1,0,D S,Bournemouth,0,0.090692900121212,0.9219538122415543,0.847066804766655
479,Kevin Stewart,4,15,0,0,0,0,0,0,0,0,S,Liverpool,0,0,0.24216100573539734,0.24216100573539734
481,Jordon Ibe,25,1067,0,0.8431019950658083,0,1.0524157071486115,15,18,0,0,F M S,Bournemouth,0,0.8431019950658083,3.201797315850854,1.8253067899495363
485,Mamadou Sakho,8,688,0,0.13585809990763664,0,0.27378640696406364,2,4,0,0,D,Crystal Palace,0,0.13585809990763664,1.6154647087678313,1.5743994070217013
487,Simon Mignolet,28,2520,0,0,0,0,0,0,0,0,GK,Liverpool,0,0,2.740660287439823,2.740660287439823
490,Jon Flanagan,6,360,0,0,0,0.056005001068115234,0,1,2,0,D S,Burnley,0,0,0.43232761323451996,0.37632259726524353
491,Petr Cech,35,3097,0,0,0,0,0,0,2,0,GK,Arsenal,0,0,5.055632218718529,5.055632218718529
493,Gabriel,19,1517,0,0.3913955921307206,0,0.26944350078701973,9,4,6,0,D S,Arsenal,0,0.3913955921307206,3.9498982802033424,3.6454091742634773
495,Nacho Monreal,36,3152,0,1.1331041110679507,2,1.9305520094931126,12,12,5,0,D M S,Arsenal,0,1.1331041110679507,11.072828330099583,9.217105515301228
496,Mohamed Elneny,14,693,0,0.5528803020715714,1,0.1320842020213604,15,4,1,0,M S,Arsenal,0,0.5528803020715714,2.462577788159251,2.088330280035734
497,Francis Coquelin,29,1799,0,0.7722077909857035,0,0.6728747999295592,14,15,5,0,M S,Arsenal,0,0.7722077909857035,9.351144429296255,8.483365919440985
505,David Ospina,2,143,0,0,0,0,0,0,0,0,GK S,Arsenal,0,0,0.02810630016028881,0.02810630016028881
507,Per Mertesacker,1,35,0,0,0,0,0,0,0,0,S,Arsenal,0,0,0,0
509,Wayne Hennessey,29,2610,0,0,0,0.0900442972779274,0,3,1,0,GK,Crystal Palace,0,0,1.6218599863350391,1.5807639881968498
510,Joel Ward,38,3420,0,0.9386279787868261,1,0.8645517863333225,14,11,7,0,D M,Crystal Palace,0,0.9386279787868261,4.739611620083451,3.5180703196674585
511,Damien Delaney,30,1999,0,0.21442625764757395,2,1.6946072950959206,5,6,8,0,D S,Crystal Palace,0,0.21442625764757395,1.6368580721318722,1.1091085858643055
513,Pape Souaré,3,270,0,0.018196599557995796,0,0.14993800222873688,2,2,0,0,D,Crystal Palace,0,0.018196599557995796,0.3327016048133373,0.17560959979891777
514,Jason Puncheon,36,3099,0,1.7941933497786522,5,5.027023102156818,45,60,9,0,M S,Crystal Palace,0,1.7941933497786522,6.893292895518243,4.80950806196779
515,Mile Jedinak,1,90,0,0,0,0.06823749840259552,0,2,0,0,M,Crystal Palace,0,0,0.11093500256538391,0.11093500256538391
520,Bakary Sako,7,121,0,0.13087019883096218,0,0.09001059830188751,4,1,0,0,S,Crystal Palace,0,0.13087019883096218,0.13712540082633495,0.0881837997585535
524,Adrian Mariappa,7,556,0,0.1235710009932518,0,0.08424559980630875,2,1,0,0,D S,Watford,0,0.1235710009932518,0.46640479750931263,0.46640479750931263
525,Martin Kelly,29,2145,0,0.23852089792490005,2,0.5268526971340179,3,8,4,0,D S,Crystal Palace,0,0.23852089792490005,2.816802779212594,2.510482406243682
526,Lee Chung-yong,15,463,0,0.2505840854719281,1,0.9072551284916699,4,7,0,0,M S,Crystal Palace,0,0.2505840854719281,0.8395034978166223,0.30344199389219284
527,Adrián,16,1440,0,0,0,0.02736870013177395,0,1,1,0,GK,West Ham,0,0,0.47122979909181595,0.44386110082268715
528,Angelo Ogbonna,20,1757,0,0.07018129900097847,0,0.2699175029993057,3,6,2,0,D,West Ham,0,0.07018129900097847,3.3454513773322105,3.13081169500947
534,Aaron Cresswell,26,2124,0,0.58590570371598,2,2.3787070149555802,11,17,2,1,D M S,West Ham,0,0.58590570371598,5.244611767120659,3.4105861019343138
540,Darren Randolph,22,1980,0,0,0,0,0,0,1,0,GK,West Ham,0,0,0.7022444903850555,0.7022444903850555
545,Kieran Gibbs,11,701,0,0.32781399972736835,1,0.6635113917291164,5,10,3,0,D M S,Arsenal,0,0.32781399972736835,2.3076071366667747,1.573708064854145
546,David de Gea,35,3150,0,0,0,0,0,0,2,0,GK,Manchester United,0,0,4.725034132599831,4.725034132599831
549,Timothy Fosu-Mensah,4,95,0,0.03191259875893593,0,0,1,0,0,0,D S,Manchester United,0,0.03191259875893593,0.2643499970436096,0.23243699967861176
555,Memphis Depay,4,13,0,0,0,0,0,0,1,0,S,Manchester United,0,0,0.01142009999603033,0.01142009999603033
557,Matteo Darmian,18,1333,0,0.09148739650845528,0,0.4010920077562332,2,2,3,0,D S,Manchester United,0,0.09148739650845528,5.309797024354339,4.91001901589334
559,Paddy McNair,9,359,0,0.07151660323143005,0,0.18834679573774338,1,3,0,0,M S,Sunderland,0,0.07151660323143005,0.9063028991222382,0.7179556004703045
560,Sergio Romero,2,180,0,0,0,0,0,0,0,0,GK,Manchester United,0,0,0.11507060006260872,0.11507060006260872
564,Heurelho Gomes,38,3339,0,0,0,0.04041919857263565,0,1,1,0,GK,Watford,0,0,0.7291128942742944,0.7291128942742944
565,Nyom,32,2640,0,0.2824708968400955,2,0.9143727943301201,6,11,8,0,D S,West Bromwich Albion,0,0.2824708968400955,3.618994126096368,2.734754228964448
570,Valon Behrami,27,2056,0,0.1859294967725873,0,0.4166424870491028,6,5,7,0,D M S,Watford,0,0.1859294967725873,2.3849169425666332,1.8266244195401669
571,Ben Watson,4,46,0,0,0,0,0,0,0,1,S,Watford,0,0,0.46350300312042236,0.46350300312042236
575,Nordin Amrabat,29,2120,0,1.0545150060206652,3,2.7587036974728107,29,30,4,0,D F M S,Watford,0,1.0545150060206652,6.155861644074321,2.710517233237624
577,Ikechi Anya,1,5,0,0,0,0,0,0,0,0,S,Watford,0,0,0,0
580,Costel Pantilimon,2,81,0,0,0,0,0,0,0,0,S,Watford,0,0,0.0520550012588501,0.0520550012588501
581,Craig Cathcart,15,1154,0,0.14386500045657158,1,0.7175358980894089,3,4,3,0,D M S,Watford,0,0.14386500045657158,1.7694043219089508,1.671617329120636
583,Adlène Guédioura,17,854,0,0.49918230064213276,1,0.6587621942162514,19,8,2,0,M S,"Middlesbrough,Watford",0,0.49918230064213276,2.038956915959716,1.620793890208006
584,Joel Robles,20,1735,0,0,1,0.0849992036819458,0,1,2,0,GK S,Everton,0,0,1.57752057723701,1.4925213735550642
586,John Stones,27,2011,0,1.4638394135981798,0,0.2321748984977603,13,4,1,0,D S,Manchester City,0,1.4638394135981798,7.781384969130158,7.582047963514924
591,Gerard Deulofeu,11,452,0,0.6818259106948972,0,0.4787795031443238,7,10,1,0,F M S,Everton,0,0.6818259106948972,2.8998373430222273,2.003328918479383
593,Aaron Lennon,11,511,0,0.27522760443389416,1,0.5299299117177725,5,6,0,0,F M S,Everton,0,0.27522760443389416,2.018862111493945,1.7739661429077387
596,Tom Cleverley,27,1839,0,0.7425862830132246,2,1.70999950543046,10,28,4,0,M S,"Everton,Watford",0,0.7425862830132246,4.1384153217077255,2.689423732459545
597,Ramiro Funes Mori,23,1530,0,0.7628409136086702,1,0.9811176974326372,12,4,0,0,D S,Everton,0,0.7628409136086702,5.0309186754748225,4.4186803959310055
598,Bryan Oviedo,16,1325,0,0.1306107034906745,0,0.9008791986852884,4,10,4,0,D,"Everton,Sunderland",0,0.1306107034906745,2.6977152042090893,1.9681013962253928
601,Arouna Koné,6,62,0,0.11362509801983833,0,0.022273199632763863,3,1,0,0,S,Everton,0,0.11362509801983833,0.1541763972491026,0.018278099596500397
603,Nathaniel Clyne,37,3326,0,1.434063296765089,2,4.596979730762541,26,45,0,0,D,Liverpool,0,1.434063296765089,14.719546059146523,11.413935493677855
608,Alberto Moreno,12,282,0,0.20995590463280678,1,0.3072495013475418,3,5,1,0,D S,Liverpool,0,0.20995590463280678,2.125503284856677,1.915546776726842
615,Fernando,15,547,0,0.10354200005531311,0,0.15973850712180138,2,3,3,0,D M S,Manchester City,0,0.10354200005531311,2.999322634190321,2.799349159002304
616,Jesús Navas,24,1053,0,0.22975849825888872,0,2.4299806505441666,8,21,2,0,D F M S,Manchester City,0,0.22975849825888872,7.422237370163202,5.563046135008335
624,Willy Caballero,17,1450,0,0,0,0,0,0,0,0,GK S,Manchester City,0,0,2.995119832456112,2.995119832456112
625,Bacary Sagna,17,1341,0,0.07170174922794104,1,0.6896925009787083,4,8,2,0,D S,Manchester City,0,0.07170174922794104,5.571021547541022,5.356048097833991
631,Ashley Young,12,757,0,0.25422029942274094,1,0.8711635079234838,5,11,2,0,D M S,Manchester United,0,0.25422029942274094,2.6204872084781528,1.90571394469589
632,Jordon Mutch,4,42,0,0,0,0.018648400902748108,0,1,0,0,S,Crystal Palace,0,0,0.09373869746923447,0.07509029656648636
637,Hugo Lloris,34,3004,0,0,0,0.04464470036327839,0,2,0,0,GK,Tottenham,0,0,4.160326458513737,4.11568146198988
638,Kyle Walker,33,2710,0,0.6887417519465089,5,3.7017951970919967,19,39,8,0,D M S,Tottenham,0,0.6887417519465089,11.032236779108644,7.576490195468068
640,Jan Vertonghen,33,2902,0,0.5898440014570951,0,0.31422930024564266,14,7,5,0,D,Tottenham,0,0.5898440014570951,9.54089672677219,9.190996760502458
650,Kevin Wimmer,5,357,0,0,0,0.03640729933977127,0,1,3,0,D S,Tottenham,0,0,0.9797121994197369,0.9797121994197369
651,Michel Vorm,5,416,0,0,0,0,0,0,0,0,GK S,Tottenham,0,0,0.25676970183849335,0.25676970183849335
652,Kieran Trippier,12,561,0,0.07921849936246872,5,2.760999917984009,3,14,1,0,D M S,Tottenham,0,0.07921849936246872,3.4414292238652706,1.7611170299351215
654,Michael Carrick,23,1607,0,0.21077909879386425,0,0.5740241073071957,8,12,2,0,M S,Manchester United,0,0.21077909879386425,4.908589135855436,4.235622443258762
661,Josh Onomah,5,11,0,0.08651959896087646,0,0,1,0,0,0,S,Tottenham,0,0.08651959896087646,0.11043559946119785,0.023916000500321388
662,Brad Guzan,10,900,0,0,0,0,0,0,0,0,GK,Middlesbrough,0,0,0.5046872161328793,0.5046872161328793
664,Joleon Lescott,2,120,0,0,0,0,0,0,0,0,D S,Sunderland,0,0,0.0109526002779603,0.0109526002779603
669,Ashley Westwood,9,549,0,0.031774599105119705,0,0.1513935998082161,2,5,3,0,M S,Burnley,0,0.031774599105119705,0.825775496661663,0.7060893941670656
680,Thibaut Courtois,36,3240,0,0,0,0,0,0,1,0,GK,Chelsea,0,0,3.5769765060395002,3.5769765060395002
682,Branislav Ivanovic,13,578,0,0.3240773035213351,0,0.1858418993651867,7,3,2,0,D S,Chelsea,0,0.3240773035213351,2.4457230120897293,2.2665200009942055
688,Ruben Loftus-Cheek,6,23,0,0.13750000298023224,0,0,1,0,0,0,S,Chelsea,0,0.13750000298023224,0.24363900534808636,0.10613900236785412
689,Kenedy,2,91,0,0.15763099491596222,0,0.0422700010240078,3,1,0,0,M S,"Chelsea,Watford",0,0.15763099491596222,0.17793500423431396,0
690,Loïc Remy,5,121,0,0.35255349427461624,0,0.08155010268092155,6,2,0,0,F S,Crystal Palace,0,0.35255349427461624,0.43410320207476616,0.04100320115685463
692,Oscar,9,457,0,0.49143339693546295,1,1.2346308156847954,12,15,1,0,M S,Chelsea,0,0.49143339693546295,3.4357391223311424,2.4968663565814495
694,Asmir Begovic,2,180,0,0,0,0,0,0,0,0,GK,Chelsea,0,0,0.025731299072504044,0.025731299072504044
706,Lukasz Fabianski,37,3330,0,0,0,0,0,0,1,0,GK,Swansea,0,0,2.2043418753892183,2.2043418753892183
708,Federico Fernández,27,2430,0,1.6510254181921482,2,0.796491514891386,15,3,7,0,D,Swansea,0,1.6510254181921482,3.9389299750328064,3.7999159693717957
710,Neil Taylor,11,923,0,0.05492040142416954,0,0.04977110028266907,4,2,1,0,D,Swansea,0,0.05492040142416954,1.7568602934479713,1.6857552882283926
712,Jack Cork,30,2233,0,1.3317926889285445,0,1.22106858715415,18,13,7,0,M S,Swansea,0,1.3317926889285445,5.688696321099997,4.599153725430369
715,Jefferson Montero,13,359,0,0.17576159536838531,1,1.2649257853627205,4,10,0,0,F M S,Swansea,0,0.17576159536838531,1.7466660784557462,0.8094277223572135
720,Modou Barrow,18,1165,0,0.8852935042232275,2,2.2491155033931136,15,21,1,0,F M S,Swansea,0,0.8852935042232275,4.228257432579994,2.098295385017991
721,Jordi Amat,17,1409,0,0.8267893875017762,0,0.04058609902858734,7,2,5,0,D S,Swansea,0,0.8267893875017762,2.9903355007991195,2.934588006697595
722,Kristoffer Nordfeldt,1,90,0,0,0,0,0,0,0,0,GK,Swansea,0,0,0.08513230085372925,0.08513230085372925
723,Ki Sung-yueng,23,1286,0,0.31564400158822536,1,0.4234952013939619,9,12,3,0,M S,Swansea,0,0.31564400158822536,2.508366541005671,2.0781134217977524
725,Ola Aina,3,20,0,0.040968600660562515,0,0,1,0,0,0,S,Chelsea,0,0.040968600660562515,0.06767960079014301,0.026711000129580498
726,Vito Mannone,9,810,0,0,0,0,0,0,0,0,GK,Sunderland,0,0,0,0
729,John O&#039;Shea,28,2162,0,0.1725596971809864,1,0.47872400283813477,3,1,5,0,D M S,Sunderland,0,0.1725596971809864,1.3645214149728417,1.3645214149728417
733,Jack Rodwell,20,1497,0,1.153120094910264,1,0.7307150065898895,19,8,4,0,M S,Sunderland,0,1.153120094910264,2.176552390679717,0.7228651065379381
738,Lee Cattermole,8,652,0,0.07008400000631809,0,0.025604700669646263,4,2,4,0,M,Sunderland,0,0.07008400000631809,0.4442413989454508,0.39215150102972984
740,Sebastian Larsson,21,1472,0,0.7138744089752436,1,1.9478583820164204,16,23,4,1,M S,Sunderland,0,0.7138744089752436,2.19078815728426,1.4367265794426203
741,Jordan Pickford,29,2610,0,0,0,0.5408075042068958,0,4,0,0,GK,Sunderland,0,0,1.3766982108354568,0.835890706628561
745,Kasper Schmeichel,30,2668,0,0,0,0,0,0,1,0,GK,Leicester,0,0,0.9501884961500764,0.9501884961500764
746,Danny Simpson,35,2994,0,0.10695300437510014,2,0.8389066997915506,2,11,12,0,D S,Leicester,0,0.10695300437510014,4.835922872647643,4.295953072607517
757,Jeffrey Schlupp,19,1129,0,0.1036892980337143,0,0.39426660537719727,3,6,0,0,D M S,"Crystal Palace,Leicester",0,0.1036892980337143,2.7619596272706985,2.6261999290436506
760,Marcin Wasilewski,1,90,0,0,0,0,0,0,0,0,D,Leicester,0,0,0,0
772,Moussa Sissoko,25,878,0,0.8654736988246441,2,1.0400274256244302,17,21,3,0,F M S,Tottenham,0,0.8654736988246441,4.679264411330223,3.2270185071974993
781,Jeremain Lens,2,64,0,0.1271509975194931,0,0.19003400206565857,3,2,0,0,S,Sunderland,0,0.1271509975194931,0.5295471027493477,0.25969109684228897
783,Nathan Dyer,8,203,0,0.0866806972771883,1,0.12865959759801626,3,3,0,0,F M S,Swansea,0,0.0866806972771883,0.2919185049831867,0.1746837068349123
795,Dieumerci Mbokani,12,765,0,1.549893588759005,1,0.4510626122355461,14,8,0,0,F S,Hull,0,1.549893588759005,1.6962678991258144,0.37895250506699085
803,Ben Foster,38,3420,0,0.03219220042228699,0,0.09182709828019142,1,2,2,0,GK,West Bromwich Albion,0,0.03219220042228699,0.6677510011941195,0.6677510011941195
805,Jonas Olsson,7,593,0,0.19536660239100456,0,0,3,0,3,0,D,West Bromwich Albion,0,0.19536660239100456,0.7437133137136698,0.7437133137136698
808,Claudio Yacob,33,2416,0,0.6284845862537622,0,0.31842109747231007,9,6,9,0,M S,West Bromwich Albion,0,0.6284845862537622,2.9570056926459074,2.6367170242592692
811,Saido Berahino,17,974,0,2.9080232679843903,0,0.5703176073729992,19,5,1,0,F S,"Stoke,West Bromwich Albion",0,2.9080232679843903,3.663294307887554,1.1599448900669813
812,Craig Gardner,9,207,0,0.10909420251846313,1,1.5410642689093947,2,10,1,0,M S,West Bromwich Albion,0,0.10909420251846313,0.44919081032276154,0.3119710087776184
816,Rickie Lambert,1,9,0,0.17312699556350708,0,0.13494999706745148,2,1,0,0,S,West Bromwich Albion,0,0.17312699556350708,0.17312699556350708,0
830,Leon Britton,16,1201,0,0,0,0.06224440038204193,0,2,3,0,M,Swansea,0,0,2.6232918053865433,2.607433795928955
831,Fraser Forster,38,3420,0,0,0,0.34467700123786926,0,1,3,0,GK,Southampton,0,0,3.6629295581951737,3.6629295581951737
832,Cuco Martina,9,595,0,0.03454339876770973,0,0.22358029708266258,1,5,0,0,D S,Southampton,0,0.03454339876770973,1.1436997018754482,0.9092466998845339
834,José Fonte,33,2937,0,0.8182645915076137,0,0.39551199972629547,17,8,4,0,D,"Southampton,West Ham",0,0.8182645915076137,6.175112532451749,6.0154575277119875
846,Maarten Stekelenburg,19,1685,0,0,0,0,0,0,2,0,GK,Everton,0,0,1.205452973023057,1.205452973023057
847,Cédric Soares,30,2524,0,0.6518529802560806,3,3.0751688815653324,20,39,7,0,D,Southampton,0,0.6518529802560806,9.59712465107441,7.323787100613117
856,Jack Butland,5,450,0,0,0,0,0,0,0,0,GK,Stoke,0,0,1.2550198249518871,1.2550198249518871
857,Phil Bardsley,15,1177,0,0.2093588998541236,0,1.0495597086846828,11,9,4,1,D S,Stoke,0,0.2093588998541236,3.4351272778585553,2.362387888133526
858,Philipp Wollscheid,2,180,0,0.014228399842977524,0,0,1,0,1,0,D,Stoke,0,0.014228399842977524,0.12557999789714813,0.12557999789714813
859,Geoff Cameron,19,1626,0,1.2535540219396353,1,0.8354027923196554,11,10,1,0,D M S,Stoke,0,1.2535540219396353,6.05404089204967,4.396531563252211
861,Giannelli Imbula,12,800,0,0.3351894011721015,0,0.29054589942097664,9,5,1,0,M S,Stoke,0,0.3351894011721015,1.7243009898811579,1.2839813735336065
862,Glenn Whelan,30,2285,0,0.10786660015583038,1,1.351826086640358,6,21,5,0,M S,Stoke,0,0.10786660015583038,9.216523863375187,8.183302354067564
864,Ibrahim Afellay,12,363,0,0.6516735907644033,0,0.32635998725891113,6,1,0,0,M S,Stoke,0,0.6516735907644033,1.3029332906007767,0.9591432958841324
877,Samir Nasri,1,13,0,0.5359929800033569,0,0.1074799969792366,3,1,0,0,S,Manchester City,0,0.5359929800033569,0.9224929809570312,0.2790200114250183
879,Jonathan Leko,9,99,0,0,1,0.14169739466160536,0,2,0,0,S,West Bromwich Albion,0,0,0.2491079941391945,0.11996199935674667
883,Steven Davis,32,2643,0,2.5133817866444588,3,2.8337832065299153,31,32,3,0,M S,Southampton,0,2.5133817866444588,13.407802974805236,10.167586524039507
884,Matt Targett,5,373,0,0.07560640014708042,0,0.2909561023116112,2,5,0,0,D,Southampton,0,0.07560640014708042,0.5847090929746628,0.4106645993888378
887,Erik Pieters,36,3151,0,0.7645714906975627,1,1.5609517879784107,9,18,4,0,D M S,Stoke,0,0.7645714906975627,9.09391677705571,7.22167808143422
889,Shay Given,5,450,0,0,0,0,0,0,1,0,GK,Stoke,0,0,0.33202291280031204,0.33202291280031204
892,Stephen Kingsley,13,1038,0,0.10324509628117085,0,0.1447409000247717,4,4,0,0,D S,Swansea,0,0.10324509628117085,1.1831487957388163,1.0493594855070114
895,Mathieu Flamini,10,272,0,0.033018000423908234,0,0.07854849845170975,1,1,0,0,M S,Crystal Palace,0,0.033018000423908234,0.11156649887561798,0
896,Jay Fulton,11,700,0,0.08629010058939457,0,0.07504050061106682,3,3,2,0,M S,Swansea,0,0.08629010058939457,1.191829588264227,1.0529324002563953
900,Adama Traoré,27,1530,0,0.9504906889051199,1,1.4442803133279085,11,18,1,0,F M S,Middlesbrough,0,0.9504906889051199,3.7237889785319567,1.45962736569345
902,Sam Byram,18,1237,0,0.2568340031430125,1,0.923184284940362,8,7,5,1,D M S,West Ham,0,0.2568340031430125,5.036810629069805,4.577837476506829
909,Brendan Galloway,3,251,0,0.08444029837846756,0,0.07369480282068253,2,1,0,0,D,West Bromwich Albion,0,0.08444029837846756,0.9288630187511444,0.8444230109453201
910,Harrison Reed,3,62,0,0,0,0,0,0,0,0,M S,Southampton,0,0,0.1288529932498932,0.1288529932498932
919,Duncan Watmore,14,1044,0,0.9554287297651172,2,1.6772051844745874,16,11,1,0,F M S,Sunderland,0,0.9554287297651172,3.7415953408926725,1.8812196925282478
921,Darron Gibson,12,647,0,0.135678899474442,0,0.04159500077366829,6,2,4,0,M S,Sunderland,0,0.135678899474442,0.5205936934798956,0.4546896982938051
924,Steven Pienaar,15,815,0,0.7518728971481323,0,0.16578109748661518,4,7,5,1,F M S,Sunderland,0,0.7518728971481323,2.165744688361883,1.4212065935134888
934,Axel Tuanzebe,4,307,0,0.040321798995137215,0,0.05508879944682121,2,1,0,0,D M,Manchester United,0,0.040321798995137215,0.27153430134058,0.24778439942747355
935,Kurt Zouma,9,241,0,0.04094009846448898,1,0.5744730234146118,1,1,0,0,D S,Chelsea,0,0.04094009846448898,0,0
938,Carl Jenkinson,1,84,0,0,0,0,0,0,0,0,D,Arsenal,0,0,0.012359900400042534,0.012359900400042534
939,Mauro Zárate,3,217,0,0.3138998933136463,0,0.08914979919791222,8,4,0,0,F M,Watford,0,0.3138998933136463,0.48842181265354156,0.15795700252056122
944,Glen Johnson,23,1952,0,0.45994141045957804,0,1.4694390036165714,8,11,1,0,D M S,Stoke,0,0.45994141045957804,6.955055627971888,5.458870630711317
945,Marc Wilson,4,258,0,0.014089199714362621,0,0.12041010335087776,1,2,3,0,D S,West Bromwich Albion,0,0.014089199714362621,0.09940390288829803,0.09940390288829803
951,Phil Jones,18,1588,0,0.10695720091462135,0,0.21727100759744644,3,2,2,0,D,Manchester United,0,0.10695720091462135,4.598769560456276,4.381498545408249
967,Mathieu Debuchy,1,15,0,0,0,0,0,0,0,0,D,Arsenal,0,0,0,0
972,Jerome Sinclair,5,110,0,0.057534199208021164,0,0.024063199758529663,1,1,0,0,F S,Watford,0,0.057534199208021164,0.024063199758529663,0
974,Yohan Benalouane,11,925,0,0.3551678005605936,0,0.06503750011324883,4,2,4,0,D,Leicester,0,0.3551678005605936,0.28692060336470604,0.1651584953069687
976,Baily Cargill,1,8,0,0,0,0,0,0,0,0,S,Bournemouth,0,0,0,0
985,Mason Holgate,18,1378,0,0.3201606087386608,1,1.572614874690771,6,9,2,0,D M S,Everton,0,0.3201606087386608,5.161694630980492,4.277142629027367
1006,Luke Shaw,11,702,0,0.1930140983313322,1,1.0119865275919437,6,10,1,0,D S,Manchester United,0,0.1930140983313322,3.4949853755533695,3.0728453937917948
1013,Sam Field,8,278,0,0.049500901252031326,0,0.10928500071167946,1,3,2,0,M S,West Bromwich Albion,0,0.049500901252031326,0.3259259909391403,0.16714070178568363
1017,Matej Vydra,1,1,0,0,0,0,0,0,0,0,S,Watford,0,0,0,0
1024,Tyrone Mings,7,511,0,0.03313929960131645,0,0.26110199093818665,1,1,0,0,D S,Bournemouth,0,0.03313929960131645,0.8464078903198242,0.5853060930967331
1027,Lynden Gooch,11,357,0,0.33149999380111694,0,0.25569310411810875,3,4,3,0,M S,Sunderland,0,0.33149999380111694,0.7110100015997887,0.37950999289751053
1036,Jack Wilshere,29,1955,0,2.1664469931274652,2,2.823251873254776,27,34,4,0,M S,"Arsenal,Bournemouth",0,2.1664469931274652,8.226208571344614,4.711440493352711
1039,Jason Denayer,24,1885,0,0.2626847540959716,0,0.14413930103182793,6,2,2,0,D M S,Sunderland,0,0.2626847540959716,2.560316947288811,2.305957494303584
1046,George Honeyman,5,229,0,0.3735342025756836,0,0.12318499758839607,2,2,1,0,M S,Sunderland,0,0.3735342025756836,0.6912442147731781,0.19452530145645142
1047,Will Keane,5,282,0,0.23658719658851624,0,0.1365969032049179,4,3,0,0,F S,Hull,0,0.23658719658851624,0.35174690932035446,0.07953940331935883
1048,Donald Love,12,598,0,0.05020209960639477,1,0.38475089706480503,2,4,1,0,D S,Sunderland,0,0.05020209960639477,1.29962451569736,0.9656935017555952
1050,Ryan Allsop,1,90,0,0,0,0,0,0,0,0,GK,Bournemouth,0,0,0,0
1055,Aleix García,4,72,0,0,0,0.012562699615955353,0,1,0,0,M S,Manchester City,0,0,1.4308868926018476,1.4308868926018476
1070,Sullay Kaikai,1,21,0,0,0,0,0,0,0,0,S,Crystal Palace,0,0,0,0
1071,Papy Djilobodji,18,1579,0,0.3790947012603283,0,0.08089189976453781,8,1,4,1,D S,Sunderland,0,0.3790947012603283,0.9389820992946625,0.8580901995301247
1084,Jonjoe Kenny,1,11,0,0,0,0,0,0,0,0,S,Everton,0,0,0,0
1642,Simone Zaza,8,460,0,0.9579112268984318,0,0.32900690473616123,16,8,2,0,F S,West Ham,0,0.9579112268984318,1.2106084767729044,0.12126140296459198
1651,Tom Heaton,35,3150,0,0,0,0.13962899893522263,0,3,1,0,GK,Burnley,0,0,0.7979688933119178,0.7430295934900641
1652,Matthew Lowton,36,3240,0,0.5120369298383594,2,1.8188618961721659,6,31,9,0,D,Burnley,0,0.5120369298383594,4.557840577326715,2.7797148171812296
1662,Aiden O&#039;Neill,3,83,0,0.058964598923921585,0,0,1,0,0,0,S,Burnley,0,0.058964598923921585,0.058964598923921585,0
1664,Lukas Jutkiewicz,2,9,0,0,0,0,0,0,0,0,S,Burnley,0,0,0,0
1665,James Tarkowski,19,536,0,0.6106175947934389,0,0.37224411219358444,5,4,1,0,D S,Burnley,0,0.6106175947934389,0.6365039981901646,0.4274322986602783
1667,Paul Robinson,3,270,0,0,0,0,0,0,0,0,GK,Burnley,0,0,0.05131080001592636,0.05131080001592636
1668,Michael Kightly,5,96,0,0.0816970020532608,0,0,1,0,0,0,M S,Burnley,0,0.0816970020532608,0,0
1669,Marko Grujic,5,31,0,0.21030020155012608,0,0.02963469922542572,4,1,1,0,S,Liverpool,0,0.21030020155012608,0.3090549949556589,0.13353350199759007
1670,Steve Mandanda,9,810,0,0,0,0,0,0,0,0,GK,Crystal Palace,0,0,0.5481630992144346,0.5481630992144346
1671,Ezekiel Fryers,8,164,0,0,1,0.3745900094509125,0,2,0,0,S,Crystal Palace,0,0,0.437163807451725,0.06257379800081253
1673,Edimilson Fernandes,28,948,0,0.6350155007094145,0,0.2864412982016802,20,6,4,0,M S,West Ham,0,0.6350155007094145,3.281196501106024,2.6476739831268787
1675,Ashley Fletcher,16,329,0,1.0369999893009663,0,0.3355157021433115,9,4,2,0,F S,West Ham,0,1.0369999893009663,1.5228868760168552,0.22792789619415998
1677,Nathaniel Chalobah,10,152,0,0.03790869936347008,1,0.6755060106515884,1,4,2,0,M S,Chelsea,0,0.03790869936347008,1.4402057193219662,1.3191336952149868
1680,Luis Hernández,4,327,0,0,0,0.21698840707540512,0,4,1,0,D S,Leicester,0,0,1.1860447218641639,1.021327338181436
1684,David Marshall,16,1440,0,0,0,0,0,0,0,0,GK,Hull,0,0,0.5114615065976977,0.5114615065976977
1685,Ahmed Elmohamady,33,2509,0,0.21881670132279396,2,1.8537243753671646,9,26,3,1,D M S,Hull,0,0.21881670132279396,4.169781172648072,3.26802646741271
1686,Curtis Davies,26,2153,0,0.7267857976257801,2,1.024655893445015,10,2,4,0,D S,Hull,0,0.7267857976257801,1.030676201917231,1.030676201917231
1696,Markus Henriksen,15,623,0,0.12548080272972584,0,0.19587800465524197,3,3,1,0,M S,Hull,0,0.12548080272972584,0.5049767065793276,0.2456665951758623
1697,Eldin Jakupovic,22,1980,0,0,0,0,0,0,0,0,GK,Hull,0,0,0.6517614088952541,0.6517614088952541
1703,Gökhan Töre,5,245,0,0.2876570001244545,1,1.117505967617035,5,6,0,0,F M S,West Ham,0,0.2876570001244545,1.2813029363751411,0.123928003013134
1704,Álvaro Arbeloa,3,258,0,0.017647499218583107,0,0.09538579732179642,1,2,3,0,D S,West Ham,0,0.017647499218583107,0.2676489045843482,0.22767630126327276
1705,Víctor Valdés,28,2520,0,0,0,0,0,0,1,0,GK,Middlesbrough,0,0,2.2342843674123287,2.2342843674123287
1706,Antonio Barragán,26,2195,0,0.08475709985941648,0,0.7534768879413605,3,9,5,0,D,Middlesbrough,0,0.08475709985941648,6.089803343638778,5.331347960978746
1708,George Friend,24,1956,0,0.6226175986230373,2,1.149581279605627,15,11,4,0,D M S,Middlesbrough,0,0.6226175986230373,5.089261857792735,4.462229263037443
1711,Adam Forshaw,34,2711,0,1.3408304303884506,1,2.229192676022649,28,28,4,0,M S,Middlesbrough,0,1.3408304303884506,7.789724363014102,5.232129832729697
1713,Viktor Fischer,13,434,0,0.8227257113903761,3,1.5478860139846802,12,7,0,0,F M S,Middlesbrough,0,0.8227257113903761,1.8076523281633854,0.5335184875875711
1714,Jordan Rhodes,6,207,0,0.6461863033473492,0,0.08885530009865761,6,2,0,0,F S,Middlesbrough,0,0.6461863033473492,0.7350423075258732,0.03951200097799301
1716,Bernardo,11,978,0,0.022247749380767345,0,0,2,0,2,0,D S,Middlesbrough,0,0.022247749380767345,1.66798129491508,1.6542290952056646
1717,Adam Clayton,34,2807,0,0.31516999937593937,2,1.287519589997828,11,20,10,0,M S,Middlesbrough,0,0.31516999937593937,5.896789850201458,4.714818635489792
1729,Georges-Kévin Nkoudou,8,43,0,0.06265869922935963,0,0,2,0,0,0,S,Tottenham,0,0.06265869922935963,0.26308070309460163,0.200422003865242
1731,Claudio Bravo,22,1970,0,0,0,0,0,0,0,0,GK,Manchester City,0,0,3.065899409353733,3.065899409353733
1733,Sam McQueen,13,599,0,0.028180599212646484,0,0.5292291939258575,1,2,0,0,D S,Southampton,0,0.028180599212646484,1.4076791629195213,1.344045965000987
1735,Jack Stephens,17,1468,0,0.3511767014861107,1,0.9190052039921284,4,4,1,0,D S,Southampton,0,0.3511767014861107,3.6211595591157675,2.5788360144943
1736,Oliver McBurnie,5,69,0,0.07764550298452377,0,0.10456500202417374,2,2,0,0,S,Swansea,0,0.07764550298452377,0.23001200333237648,0.14258959889411926
1739,Eric Bailly,25,2066,0,0.30602030362933874,0,0.02905689924955368,6,1,4,0,D S,Manchester United,0,0.30602030362933874,4.137534696608782,4.01166270300746
1742,Lee Grant,28,2520,0,0,0,0,0,0,1,0,GK,Stoke,0,0,3.7630604319274426,3.7630604319274426
1745,Josh Tymon,5,331,0,0,0,0.01258660014718771,0,1,1,0,D M S,Hull,0,0,0.7757121920585632,0.76312549225986
1747,Kevin Long,3,270,0,0.024663500487804413,0,0,1,0,0,0,D,Burnley,0,0.024663500487804413,0.09584390185773373,0.09584390185773373
1748,Lys Mousset,11,254,0,1.5235898848623037,0,0.08857709914445877,10,3,0,0,F S,Bournemouth,0,1.5235898848623037,2.5133804231882095,1.0303764343261719
1749,Rob Holding,9,810,0,0.5570453740656376,0,0.10546769946813583,5,3,3,0,D,Arsenal,0,0.5570453740656376,2.7223821710795164,2.608095182105899
1750,Ainsley Maitland-Niles,1,1,0,0,0,0,0,0,0,0,S,Arsenal,0,0,0,0
1752,Fabio,24,1856,0,0.14708230085670948,0,0.7305000070482492,5,16,8,0,D M S,Middlesbrough,0,0.14708230085670948,3.58852565754205,3.0109126269817352
1753,David Nugent,4,36,0,0,0,0,0,0,0,0,S,Middlesbrough,0,0,0.08954309672117233,0.08954309672117233
1754,Joel Asoro,1,7,0,0,0,0,0,0,0,0,S,Sunderland,0,0,0,0
1757,Nsue,4,326,0,0.12293840199708939,0,0.06786009855568409,2,2,0,0,D M,Middlesbrough,0,0.12293840199708939,1.4043254982680082,1.305257998406887
1760,Arthur Masuaku,13,969,0,0.0472891004756093,1,0.9475547131150961,4,7,1,0,D M S,West Ham,0,0.0472891004756093,2.6278534419834614,2.4906123764812946
1762,Ovie Ejaria,2,3,0,0,0,0,0,0,0,0,S,Liverpool,0,0,0.11338599771261215,0.11338599771261215
1764,Ramadan Sobhi,17,840,0,0.5948705971240997,1,1.4871754087507725,4,9,2,0,M S,Stoke,0,0.5948705971240997,3.717141054570675,2.2913616001605988
1765,Jonathan Benteke,1,5,0,0.022447500377893448,0,0,1,0,0,0,S,Crystal Palace,0,0.022447500377893448,0.022447500377893448,0
1776,Jarrod Bowen,7,168,0,0.3194136917591095,0,0,3,0,0,0,M S,Hull,0,0.3194136917591095,0.4158182144165039,0.0964042991399765
1777,Julien Ngoy,5,39,0,0.12737710028886795,0,0.09213949739933014,2,1,0,0,S,Stoke,0,0.12737710028886795,0.2195165976881981,0
1782,Albert Adomah,2,119,0,0.38410771265625954,0,0.08954309672117233,4,1,0,0,M S,Middlesbrough,0,0.38410771265625954,1.3733236826956272,0.9232079982757568
1784,Jérémy Pied,4,119,0,0.09670139849185944,0,0.07148980349302292,3,1,0,0,D S,Southampton,0,0.09670139849185944,0.5148207955062389,0.4181193970143795
1785,Nampalys Mendy,4,277,0,0,0,0.12993699312210083,0,2,1,0,M,Leicester,0,0,0.16637669876217842,0.11327220126986504
1787,David Jones,1,88,0,0,0,0,0,0,1,0,M,Burnley,0,0,0,0
1789,Lewis Cook,6,432,0,0.10003440082073212,2,0.4739302061498165,5,6,1,0,M S,Bournemouth,0,0.10003440082073212,2.2568760849535465,1.7665081061422825
1791,Trent Alexander-Arnold,7,165,0,0.20437810570001602,0,0.03038249909877777,3,1,0,0,D S,Liverpool,0,0.20437810570001602,0.27751700580120087,0.04275690019130707
1942,Martín Cáceres,1,90,0,0.025505999103188515,0,0,1,0,0,0,D,Southampton,0,0.025505999103188515,0.1759919971227646,0.1759919971227646
3231,Kamil Grosicki,15,1145,0,2.034929482266307,3,3.488165456801653,29,23,1,0,M S,Hull,0,2.034929482266307,4.8490224331617355,0.5821810998022556
4401,Emiliano Martinez,2,180,0,0,0,0,0,0,0,0,GK,Arsenal,0,0,0.1645912043750286,0.1645912043750286
4441,Matthew James,1,1,0,0,0,0,0,0,0,0,S,Leicester,0,0,0,0
5548,Andrew Eleftheriou,1,52,0,0,0,0.04854309931397438,0,1,0,0,S,Watford,0,0,0,0
5550,Evandro,11,581,0,0.12123199831694365,0,0.7039093896746635,3,11,1,0,M S,Hull,0,0.12123199831694365,0.6327421013265848,0.35897520184516907
5551,Omar Elabdellaoui,8,616,0,0,0,0.11205460131168365,0,4,0,0,D M S,Hull,0,0,0.9814699999988079,0.9345790017396212
5553,Declan Rice,1,1,0,0,0,0,0,0,0,0,S,West Ham,0,0,0.0773535966873169,0.0773535966873169
5554,Luciano Narsingh,13,400,0,0.1758510023355484,3,0.6974846012890339,2,7,0,0,F S,Swansea,0,0.1758510023355484,1.5234705843031406,0.7816392928361893
5557,Ben Woodburn,5,83,0,0.07473470270633698,0,0,2,0,0,0,M S,Liverpool,0,0.07473470270633698,0.08110760152339935,0.018910599872469902
5558,Brandon Mason,2,111,0,0,0,0,0,0,0,0,D S,Watford,0,0,0,0
5559,Dion Pereira,2,19,0,0,0,0.0425821989774704,0,1,0,0,S,Watford,0,0,0.0425821989774704,0
5560,Scott McTominay,2,94,0,0.03636759892106056,0,0.15494999289512634,1,1,1,0,M S,Manchester United,0,0.03636759892106056,0.2662079930305481,0.11125899851322174
5563,Daniel Agyei,3,20,0,0.0976220965385437,0,0,2,0,0,0,S,Burnley,0,0.0976220965385437,0.0976220965385437,0
5565,Josh Sims,7,199,0,0.5632529966533184,1,0.8554522916674614,5,2,0,0,F S,Southampton,0,0.5632529966533184,1.81204342097044,0.7710541114211082
5571,Filip Lesniak,1,3,0,0,1,0.0845538005232811,0,1,0,0,S,Tottenham,0,0,0.26587700843811035,0.18132300674915314
5574,Demetri Mitchell,1,90,0,0,0,0.05677739903330803,0,2,0,0,D,Manchester United,0,0,0.1809989959001541,0.1809989959001541
5575,Joel Pereira,1,90,0,0,0,0,0,0,0,0,GK,Manchester United,0,0,0.21172699332237244,0.21172699332237244
5576,James Husband,1,62,0,0,0,0,0,0,0,0,D,Middlesbrough,0,0,0.15693399310112,0.15693399310112
5586,Michael Folivi,1,6,0,0,0,0,0,0,0,0,S,Watford,0,0,0,0
5598,Angel Gomes,1,1,0,0,0,0,0,0,0,0,S,Manchester United,0,0,0,0
5601,Matt Worthington,1,14,0,0,0,0,0,0,0,0,S,Bournemouth,0,0,0,0
